"Date","Company"
"November 08 2023 09:06","Black Panther party"
"November 08 2023 09:06","British Journal of Pharmacology"
"November 08 2023 09:06","Center for Disease Control"
"November 08 2023 09:06","Digital"
"November 08 2023 09:06","Durban Poison"
"November 08 2023 09:06","Elektra Records"
"November 08 2023 09:06","Ford"
"November 08 2023 09:06","Green State"
"November 08 2023 09:06","High Times"
"November 08 2023 09:06","Human Rights Party"
"November 08 2023 09:06","Journal of Adolescent Health"
"November 08 2023 09:06","Journal of Clinical Investigation"
"November 08 2023 09:06","Journal of Substance Abuse Treatment"
"November 08 2023 09:06","Postmedia Network Inc."
"November 08 2023 09:06","Power Plant"
"November 08 2023 09:06","Rolling Stones"
"November 08 2023 09:06","Shiva"
"November 08 2023 09:06","Vedas"
"November 08 2023 09:06","White Panther Party"
